"CDAgenteSituacao","DSAgenteSituacao","DSAgenteSituacaoCompleto","CDSubcategoria","DSSubcategoria","CDCategoria","DSCategoria"
"200004300","Impacto de pessoa contra objeto parado","Impacto de pessoa contra objeto parado. Aplica-se a casos em que a lesão foi produzida por impacto da pessoa acidentada contra a fonte da lesão, tendo sido o movimento que produziu o contato originalmente o da pessoa e não o da fonte da lesão, exceto quando o movimento do acidentado tiver sido provocado por queda. Inclui casos de alguém chocar-se contra alguma coisa, tropeçar em alguma coisa, ser empurrado ou projetado contra alguma coisa, etc. Não inclui casos de salto para nível inferior.","200004","Impacto de pessoa contra objeto","200004","Impacto de pessoa contra objeto"
"200004600","Impacto de pessoa contra objeto em movimento","Impacto de pessoa contra objeto em movimento. Aplica-se a casos em que a lesão foi produzida por impacto da pessoa acidentada contra a fonte da lesão, tendo sido o movimento que produziu o contato originalmente o da pessoa e não o da fonte da lesão, exceto quando o movimento do acidentado tiver sido provocado por queda. Inclui casos de alguém chocar-se contra alguma coisa, tropeçar em alguma coisa, ser empurrado ou projetado contra alguma coisa, etc. Não inclui casos de salto para nível inferior.","200004","Impacto de pessoa contra objeto","200004","Impacto de pessoa contra objeto"
"200008300","Impacto sofrido por pessoa de objeto que cai","Impacto sofrido por pessoa, de objeto que cai. Aplica-se a casos em que a lesão foi produzida por impacto entre o acidentado e a fonte da lesão, tendo sido da fonte da lesão e não do acidentado o movimento que originou o contato.","200008","Impacto sofrido por pessoa","200008","Impacto sofrido por pessoa"
"200008600","Impacto sofrido por pessoa de objeto projetado","Impacto sofrido por pessoa, de objeto projetado. Aplica-se a casos em que a lesão foi produzida por impacto entre o acidentado e a fonte da lesão, tendo sido da fonte da lesão e não do acidentado o movimento que originou o contato.","200008","Impacto sofrido por pessoa","200008","Impacto sofrido por pessoa"
"200008900","Impacto sofrido por pessoa, NIC","Impacto sofrido por pessoa, NIC. Aplica-se a casos em que a lesão foi produzida por impacto entre o acidentado e a fonte da lesão, tendo sido da fonte da lesão e não do acidentado o movimento que originou o contato.","200008","Impacto sofrido por pessoa","200008","Impacto sofrido por pessoa"
"200012200","Queda de pessoa com diferença de nível de andaime, passagem, plataforma, etc.","Queda de pessoa com diferença de nível de andaime, passagem, plataforma, etc. Aplica-se a casos em que a lesão foi produzida por impacto entre o acidentado e a fonte da lesão, tendo sido do acidentado o movimento que produziu o contato, nas seguintes circunstâncias: 1) O movimento do acidentado foi devido à ação da gravidade. 2) O ponto de contato com a fonte da lesão estava abaixo da superfície que suportava o acidentado no início da queda. Inclui salto para nível inferior.","200012","Queda de pessoa com diferença de nível","200012","Queda de pessoa com diferença de nível"
"200012300","Queda de pessoa com diferença de nível de escada móvel ou fixada cujos degraus","Queda de pessoa com diferença de nível de escada móvel ou fixada cujos degraus não permitem o apoio integral do pé. Aplica-se a casos em que a lesão foi produzida por impacto entre o acidentado e a fonte da lesão, tendo sido do acidentado o movimento que produziu o contato, nas seguintes circunstâncias: 1) O movimento do acidentado foi devido à ação da gravidade. 2) O ponto de contato com a fonte da lesão estava abaixo da superfície que suportava o acidentado no início da queda. Inclui salto para nível inferior.","200012","Queda de pessoa com diferença de nível","200012","Queda de pessoa com diferença de nível"
"200012400","Queda de pessoa com diferença de nível de material empilhado","Queda de pessoa com diferença de nível de material empilhado. Aplica-se a casos em que a lesão foi produzida por impacto entre o acidentado e a fonte da lesão, tendo sido do acidentado o movimento que produziu o contato, nas seguintes circunstâncias: 1) O movimento do acidentado foi devido à ação da gravidade. 2) O ponto de contato com a fonte da lesão estava abaixo da superfície que suportava o acidentado no início da queda. Inclui salto para nível inferior.","200012","Queda de pessoa com diferença de nível","200012","Queda de pessoa com diferença de nível"
"200012500","Queda de pessoa com diferença de nível de veículo","Queda de pessoa com diferença de nível de veículo. Aplica-se a casos em que a lesão foi produzida por impacto entre o acidentado e a fonte da lesão, tendo sido do acidentado o movimento que produziu o contato, nas seguintes circunstâncias: 1) O movimento do acidentado foi devido à ação da gravidade. 2) O ponto de contato com a fonte da lesão estava abaixo da superfície que suportava o acidentado no início da queda. Inclui salto para nível inferior.","200012","Queda de pessoa com diferença de nível","200012","Queda de pessoa com diferença de nível"
"200012600","Queda de pessoa com diferença de nível em escada permanente","Queda de pessoa com diferença de nível em escada permanente cujos degraus permitem apoio integral do pé. Aplica-se a casos em que a lesão foi produzida por impacto entre o acidentado e a fonte da lesão, tendo sido do acidentado o movimento que produziu o contato, nas seguintes circunstâncias: 1) O movimento do acidentado foi devido à ação da gravidade. 2) O ponto de contato com a fonte da lesão estava abaixo da superfície que suportava o acidentado no início da queda. Inclui salto para nível inferior.","200012","Queda de pessoa com diferença de nível","200012","Queda de pessoa com diferença de nível"
"200012700","Queda de pessoa com diferença de nível em poço, escavação, abertura no piso, etc.","Queda de pessoa com diferença de nível em poço, escavação, abertura no piso, etc. (da borda da abertura). Aplica-se a casos em que a lesão foi produzida por impacto entre o acidentado e a fonte da lesão, tendo sido do acidentado o movimento que produziu o contato, nas seguintes circunstâncias: 1) O movimento do acidentado foi devido à ação da gravidade. 2) O ponto de contato com a fonte da lesão estava abaixo da superfície que suportava o acidentado no início da queda. Inclui salto para nível inferior.","200012","Queda de pessoa com diferença de nível","200012","Queda de pessoa com diferença de nível"
"200012900","Queda de pessoa com diferença de nível, NIC","Queda de pessoa com diferença de nível, NIC. Aplica-se a casos em que a lesão foi produzida por impacto entre o acidentado e a fonte da lesão, tendo sido do acidentado o movimento que produziu o contato, nas seguintes circunstâncias: 1) O movimento do acidentado foi devido à ação da gravidade. 2) O ponto de contato com a fonte da lesão estava abaixo da superfície que suportava o acidentado no início da queda. Inclui salto para nível inferior.","200012","Queda de pessoa com diferença de nível","200012","Queda de pessoa com diferença de nível"
"200016300","Queda de pessoa em mesmo nível em passagem ou superfície de sustentação","Queda de pessoa em mesmo nível em passagem ou superfície de sustentação. Aplica-se a casos em que a lesão foi produzida por Impacto entre o acidentado e um objeto externo, tendo sido do acidentado o movimento que produziu o contato, nas seguintes circunstâncias: 1) O movimento do acidentado foi devido à ação da gravidade com perda do equilíbrio e impossibilidade de manter-se de pé. 2) O ponto de contato com a fonte da lesão estava, no momento do início da queda, ao nível ou acima da superfície que suportava o acidentado.","200016","Queda de pessoa em mesmo nível","200016","Queda de pessoa em mesmo nível"
"200016600","Queda de pessoa em mesmo nível sobre ou contra alguma coisa","Queda de pessoa em mesmo nível sobre ou contra alguma coisa. Aplica-se a casos em que a lesão foi produzida por Impacto entre o acidentado e um objeto externo, tendo sido do acidentado o movimento que produziu o contato, nas seguintes circunstâncias: 1) O movimento do acidentado foi devido à ação da gravidade com perda do equilíbrio e impossibilidade de manter-se de pé. 2) O ponto de contato com a fonte da lesão estava, no momento do início da queda, ao nível ou acima da superfície que suportava o acidentado.","200016","Queda de pessoa em mesmo nível","200016","Queda de pessoa em mesmo nível"
"200016900","Queda de pessoa em mesmo nível, NIC","Queda de pessoa em mesmo nível, NIC. Aplica-se a casos em que a lesão foi produzida por Impacto entre o acidentado e um objeto externo, tendo sido do acidentado o movimento que produziu o contato, nas seguintes circunstâncias: 1) O movimento do acidentado foi devido à ação da gravidade com perda do equilíbrio e impossibilidade de manter-se de pé. 2) O ponto de contato com a fonte da lesão estava, no momento do início da queda, ao nível ou acima da superfície que suportava o acidentado.","200016","Queda de pessoa em mesmo nível","200016","Queda de pessoa em mesmo nível"
"200020100","Aprisionamento em, sobre ou entre objetos em movimento convergente","Aprisionamento em, sob ou entre objetos em movimento convergente (calandra) ou de encaixe. Aplica-se a casos, sem impacto, em que a lesão foi produzida por compressão, pinçamento ou esmagamento entre um objeto em movimento e outro parado, entre dois objetos em movimento ou entre partes de um mesmo objeto. Não se aplica quando a fonte da lesão for um objeto livremente projetado ou em queda livre.","200020","Aprisionamento em, sobre ou entre","200020","Aprisionamento em, sobre ou entre"
"200020300","Aprisionamento em, sobre ou entre objeto parado e outro em movimento","Aprisionamento em, sob ou entre um objeto parado e outro em movimento. Aplica-se a casos, sem impacto, em que a lesão foi produzida por compressão, pinçamento ou esmagamento entre um objeto em movimento e outro parado, entre dois objetos em movimento ou entre partes de um mesmo objeto. Não se aplica quando a fonte da lesão for um objeto livremente projetado ou em queda livre.","200020","Aprisionamento em, sobre ou entre","200020","Aprisionamento em, sobre ou entre"
"200020500","Aprisionamento em, sobre ou entre dois ou mais objetos em movimento","Aprisionamento em, sob ou entre dois ou mais objetos em movimento (sem encaixe). Aplica-se a casos, sem impacto, em que a lesão foi produzida por compressão, pinçamento ou esmagamento entre um objeto em movimento e outro parado, entre dois objetos em movimento ou entre partes de um mesmo objeto. Não se aplica quando a fonte da lesão for um objeto livremente projetado ou em queda livre.","200020","Aprisionamento em, sobre ou entre","200020","Aprisionamento em, sobre ou entre"
"200020700","Aprisionamento em, sobre ou entre desabamento ou desmoronamento","Aprisionamento em, sob ou entre desabamento ou desmoronamento de edificação, barreira, etc. Aplica-se a casos, sem impacto, em que a lesão foi produzida por compressão, pinçamento ou esmagamento entre um objeto em movimento e outro parado, entre dois objetos em movimento ou entre partes de um mesmo objeto. Não se aplica quando a fonte da lesão for um objeto livremente projetado ou em queda livre.","200020","Aprisionamento em, sobre ou entre","200020","Aprisionamento em, sobre ou entre"
"200020900","Aprisionamento em, sob ou entre, NIC","Aprisionamento em, sob ou entre, NIC. Aplica-se a casos, sem impacto, em que a lesão foi produzida por compressão, pinçamento ou esmagamento entre um objeto em movimento e outro parado, entre dois objetos em movimento ou entre partes de um mesmo objeto. Não se aplica quando a fonte da lesão for um objeto livremente projetado ou em queda livre.","200020","Aprisionamento em, sobre ou entre","200020","Aprisionamento em, sobre ou entre"
"200024300","Atrito ou abrasão por encostar, pisar, ajoelhar ou sentar em objeto","Atrito ou abrasão por encostar, pisar, ajoelhar ou sentar em objeto (não em vibração). Aplica-se a casos, sem impacto, em que a lesão foi produzida por pressão, vibração ou atrito entre o acidentado e a fonte da lesão.","200024","Atrito ou abrasão","200024","Atrito ou abrasão"
"200024400","Atrito ou abrasão por manusear objeto","Atrito ou abrasão por manusear objeto (não em vibração). Aplica-se a casos, sem impacto, em que a lesão foi produzida por pressão, vibração ou atrito entre o acidentado e a fonte da lesão.","200024","Atrito ou abrasão","200024","Atrito ou abrasão"
"200024500","Atrito ou abrasão por objeto em vibração","Atrito ou abrasão por objeto em vibração. Aplica-se a casos, sem impacto, em que a lesão foi produzida por pressão, vibração ou atrito entre o acidentado e a fonte da lesão.","200024","Atrito ou abrasão","200024","Atrito ou abrasão"
"200024600","Atrito ou abrasão por corpo estranho no olho","Atrito ou abrasão por corpo estranho no olho. Aplica-se a casos, sem impacto, em que a lesão foi produzida por pressão, vibração ou atrito entre o acidentado e a fonte da lesão.","200024","Atrito ou abrasão","200024","Atrito ou abrasão"
"200024700","Atrito ou abrasão por compressão repetitiva","Atrito ou abrasão por compressão repetitiva Aplica-se a casos, sem impacto, em que a lesão foi produzida por pressão, vibração ou atrito entre o acidentado e a fonte da lesão.","200024","Atrito ou abrasão","200024","Atrito ou abrasão"
"200024900","Atrito ou abrasão, NIC","Atrito ou abrasão, NIC. Aplica-se a casos, sem impacto, em que a lesão foi produzida por pressão, vibração ou atrito entre o acidentado e a fonte da lesão.","200024","Atrito ou abrasão","200024","Atrito ou abrasão"
"200028300","Reação do corpo a movimento involuntário","Reação do corpo a seus movimentos - movimento involuntário (escorregão sem queda, etc.). Aplica-se a casos, sem impacto, em que a lesão foi causada exclusivamente por movimento livre do corpo humano que causou tensão ou torção em alguma parte do corpo. Geralmente, aplica-se à ocorrência de torções, distensões, rupturas ou outras lesões internas, resultantes da adoção de uma posição forçada ou de movimentos involuntários provocados por sustos ou esforços de recuperação da posição normal em casos de escorregão ou perda de equilíbrio. Inclui casos de lesão muscular ou interna resultantes de movimentos individuais como andar, subir, correr, tentar alcançar algo, voltar-se, curvar-se, etc., quando tais movimentos forem a própria fonte da lesão. Não se aplica a esforço excessivo ao erguer, puxar ou empurrar objetos ou a casos em que o movimento do corpo, voluntário ou involuntário, tenha tido por resultado contato violento com algum objeto.","200028","Reação do corpo a movimento","200028","Reação do corpo a movimento"
"200028600","Reação do corpo a movimento voluntário","Reação do corpo a seus movimentos - movimento voluntário. Aplica-se a casos, sem impacto, em que a lesão foi causada exclusivamente por movimento livre do corpo humano que causou tensão ou torção em alguma parte do corpo. Geralmente, aplica-se à ocorrência de torções, distensões, rupturas ou outras lesões internas, resultantes da adoção de uma posição forçada ou de movimentos involuntários provocados por sustos ou esforços de recuperação da posição normal em casos de escorregão ou perda de equilíbrio. Inclui casos de lesão muscular ou interna resultantes de movimentos individuais como andar, subir, correr, tentar alcançar algo, voltar-se, curvar-se, etc., quando tais movimentos forem a própria fonte da lesão. Não se aplica a esforço excessivo ao erguer, puxar ou empurrar objetos ou a casos em que o movimento do corpo, voluntário ou involuntário, tenha tido por resultado contato violento com algum objeto.","200028","Reação do corpo a movimento","200028","Reação do corpo a movimento"
"200032200","Esforço excessivo ao erguer objeto","Esforço excessivo ao erguer objeto. Ver explicações da classificação anterior (200028000).","200032","Esforço excessivo","200032","Esforço excessivo"
"200032400","Esforço excessivo ao empurrar ou puxar objeto","Esforço excessivo ao empurrar ou puxar objeto. Ver explicações da classificação anterior (200028000).","200032","Esforço excessivo","200032","Esforço excessivo"
"200032600","Esforço excessivo ao manejar, sacudir ou arremessar objeto","Esforço excessivo ao manejar, sacudir ou arremessar objeto. Ver explicações da classificação anterior (200028000).","200032","Esforço excessivo","200032","Esforço excessivo"
"200032900","Esforço excessivo, NIC","Esforço excessivo, NIC. Ver explicações da classificação anterior (200028000).","200032","Esforço excessivo","200032","Esforço excessivo"
"200036000","Elétrica, exposição a energia","Exposição a energia elétrica. Aplica-se somente a casos sem impacto, em que a lesão consiste em choque elétrico, queimadura ou eletroplessão (eletrocussão).","200036","Exposição a energia elétrica","200036","Exposição a energia elétrica"
"200040300","Temperatura muito alta, contato com objeto ou substância a","Contato com objeto ou substância a temperatura muito alta. Aplica-se somente a casos, sem impacto, em que a lesão consiste em queimadura, geladura, etc., resultante queimadura, geladura, etc., resultante de contato com objetos, ar, gases, vapores ou líquidos quentes ou frios. Não se aplica a casos em que a lesão foi provocada pelas características tóxicas ou cáusticas de produtos químicos ou a queimadura por descarga elétrica.","200040","Contato com objeto ou substância a temperatura muito alta/baixa","200040","Contato com objeto ou substância a temperatura muito alta/baixa"
"200040600","Temperatura muito baixa, contato com objeto ou substância a","Contato com objeto ou substância a temperatura muito baixa. Aplica-se somente a casos, sem impacto, em que a lesão consiste em queimadura, geladura, etc., resultante queimadura, geladura, etc., resultante de contato com objetos, ar, gases, vapores ou líquidos quentes ou frios. Não se aplica a casos em que a lesão foi provocada pelas características tóxicas ou cáusticas de produtos químicos ou a queimadura por descarga elétrica.","200040","Contato com objeto ou substância a temperatura muito alta/baixa","200040","Contato com objeto ou substância a temperatura muito alta/baixa"
"200044300","Temperatura ambiente elevada, exposição a","Exposição à temperatura ambiente elevada. Não se aplica aos casos de lesão proveniente de exposição à radiação solar ou outras radiações. Também não se aplica a casos de queimadura ou geladura provocada por contato com objeto ou substância a temperaturas extremas ou queimadura devida à energia elétrica.","200044","Exposição à temperatura ambiente elevada/baixa","200044","Exposição à temperatura ambiente elevada/baixa"
"200044600","Temperatura ambiente baixa, exposição a","Exposição à temperatura ambiente baixa. Não se aplica aos casos de lesão proveniente de exposição à radiação solar ou outras radiações. Também não se aplica a casos de queimadura ou geladura provocada por contato com objeto ou substância a temperaturas extremas ou queimadura devida à energia elétrica.","200044","Exposição à temperatura ambiente elevada/baixa","200044","Exposição à temperatura ambiente elevada/baixa"
"200048200","Inalação de substância cáustica, tóxica ou nociva","Inalação de substância cáustica, tóxica ou nociva. Aplica-se somente a casos, sem impacto, em que a lesão foi provocada por inalação, absorção ou ingestão de substâncias nocivas. Geralmente, refere-se a intoxicações, envenenamentos, queimaduras, irritações ou reações alérgicas por produtos químicos.","200048","Inalação, ingestão ou absorção","200048","Inalação, ingestão ou absorção"
"200048400","Ingestão de substância cáustica","Ingestão de substancia cáustica, tóxica ou nociva. Aplica-se somente a casos, sem impacto, em que a lesão foi provocada por inalação, absorção ou ingestão de substâncias nocivas. Geralmente, refere-se a intoxicações, envenenamentos, queimaduras, irritações ou reações alérgicas por produtos químicos.","200048","Inalação, ingestão ou absorção","200048","Inalação, ingestão ou absorção"
"200048600","Absorção de substância cáustica","Absorção (por contato) de substância cáustica, tóxica ou nociva. Aplica-se somente a casos, sem impacto, em que a lesão foi provocada por inalação, absorção ou ingestão de substâncias nocivas. Geralmente, refere-se a intoxicações, envenenamentos, queimaduras, irritações ou reações alérgicas por produtos químicos.","200048","Inalação, ingestão ou absorção","200048","Inalação, ingestão ou absorção"
"200048900","Inalação, ingestão ou absorção, NIC","Inalação, ingestão e absorção, NIC. Aplica-se somente a casos, sem impacto, em que a lesão foi provocada por inalação, absorção ou ingestão de substâncias nocivas. Geralmente, refere-se a intoxicações, envenenamentos, queimaduras, irritações ou reações alérgicas por produtos químicos.","200048","Inalação, ingestão ou absorção","200048","Inalação, ingestão ou absorção"
"200052000","Imersão","Imersão. Aplica-se aos acidentes que têm por consequência o afogamento.","200052","Imersão","200052","Imersão"
"200056000","Radiação não ionizante, exposição a","Exposição à radiação não ionizante. Aplica-se a casos em que as lesões são provocadas por exposição à radiação solar ou outras radiações não ionizantes (por exemplo: ultravioleta e infravermelho).","200056","Exposição à radiação não ionizante","200056","Exposição à radiação não ionizante"
"200060000","Radiação ionizante, exposição a","Exposição à radiação ionizante.","200060","Exposição à radiação ionizante","200060","Exposição à radiação ionizante"
"200064000","Ruído, exposição a","Exposição ao ruído.","200064","Exposição ao ruído","200064","Exposição ao ruído"
"200068000","Vibração, exposição a","Exposição à vibração.","200068","Exposição à vibração","200068","Exposição à vibração"
"200072000","Pressão ambiente, exposição a","Pressão ambiente, exposição a","200072","Exposição à pressão ambiente","200072","Exposição à pressão ambiente"
"200072300","Exposição à pressão ambiente elevada","Exposição à pressão ambiente elevada.","200072","Exposição à pressão ambiente","200072","Exposição à pressão ambiente"
"200072600","Exposição à pressão ambiente baixa","Exposição à pressão ambiente baixa.","200072","Exposição à pressão ambiente","200072","Exposição à pressão ambiente"
"200076200","Poluição da água, ação da (exposição à poluição da água)","Exposição à poluição da água.","200076","Exposição à poluição","200076","Exposição à poluição"
"200076400","Poluição do ar, ação da (exposição à poluição do ar)","Exposição à poluição do ar.","200076","Exposição à poluição","200076","Exposição à poluição"
"200076600","Poluição do solo, ação da (exposição à poluição do solo)","Exposição à poluição do solo.","200076","Exposição à poluição","200076","Exposição à poluição"
"200076900","Poluição, NIC, exposição a (exposição à poluição, NIC)","Exposição à poluição, NIC.","200076","Exposição à poluição","200076","Exposição à poluição"
"200080200","Ataque de ser vivo por mordedura, picada, chifrada, coice, etc.","Ataque de ser vivo por mordedura, picada, chifrada, coice, etc., não se aplicando no caso de haver peçonha ou transmissão de doença.","200080","Ataque de ser vivo, contato com pessoas doentes ou material infecto-contagiante","200080","Ataque de ser vivo, contato com pessoas doentes ou material infecto-contagiante"
"200080400","Ataque de ser vivo com peçonha","Ataque de ser vivo com peçonha.","200080","Ataque de ser vivo, contato com pessoas doentes ou material infecto-contagiante","200080","Ataque de ser vivo, contato com pessoas doentes ou material infecto-contagiante"
"200080600","Ataque de ser vivo com transmissão de doença","Ataque de ser vivo com transmissão de doença.","200080","Ataque de ser vivo, contato com pessoas doentes ou material infecto-contagiante","200080","Ataque de ser vivo, contato com pessoas doentes ou material infecto-contagiante"
"200080900","Ataque de ser vivo, NIC","Ataque de ser vivo (inclusive do homem), NIC.","200080","Ataque de ser vivo, contato com pessoas doentes ou material infecto-contagiante","200080","Ataque de ser vivo, contato com pessoas doentes ou material infecto-contagiante"
"200080901","Contato com pessoas doentes ou material infecto-contagiante - agentes biológicos.","Contato com pessoas doentes ou material infecto-contagiante - agentes biológicos.","200080","Ataque de ser vivo, contato com pessoas doentes ou material infecto-contagiante","200080","Ataque de ser vivo, contato com pessoas doentes ou material infecto-contagiante"
"209000000","Tipo, NIC","Tipo, NIC","209000","Tipo, NIC","209000","Tipo, NIC"
"209500000","Tipo inexistente","Tipo inexistente","209500","Tipo inexistente","209500","Tipo inexistente"
"302010200","Rua e estrada - superfície utilizada para sustentar pessoas","Rua e estrada - superfície utilizada para sustentar pessoas","302010","Superfície utilizada para sustentar pessoas, telhado ou superfície de sustenção ","302","Superfície e estrutura"
"302010250","Calçada ou caminho para pedestre - superfície utilizada para sustentar pessoas","Calçada ou caminho para pedestre - superfície utilizada para sustentar pessoas","302010","Superfície utilizada para sustentar pessoas, telhado ou superfície de sustenção ","302","Superfície e estrutura"
"302010300","Piso de edifício - superfície utilizada para sustentar pessoas","Piso de edifício - superfície utilizada para sustentar pessoas","302010","Superfície utilizada para sustentar pessoas, telhado ou superfície de sustenção ","302","Superfície e estrutura"
"302010350","Escada permanente cujos degraus permitem apoio integral do pé, degrau - superfície utilizada para sustentar pessoas","Escada permanente cujos degraus permitem apoio integral do pé, degrau - superfície utilizada para sustentar pessoas","302010","Superfície utilizada para sustentar pessoas, telhado ou superfície de sustenção ","302","Superfície e estrutura"
"302010400","Rampa - superfície utilizada para sustentar pessoas","Rampa - superfície utilizada para sustentar pessoas","302010","Superfície utilizada para sustentar pessoas, telhado ou superfície de sustenção ","302","Superfície e estrutura"
"302010450","Passarela ou plataforma permanentes - superfície utilizada para sustentar pessoas","Passarela ou plataforma permanentes - superfície utilizada para sustentar pessoas","302010","Superfície utilizada para sustentar pessoas, telhado ou superfície de sustenção ","302","Superfície e estrutura"
"302010500","Piso de mina - superfície utilizada para sustentar pessoas","Piso de mina - superfície utilizada para sustentar pessoas","302010","Superfície utilizada para sustentar pessoas, telhado ou superfície de sustenção ","302","Superfície e estrutura"
"302010550","Chão - superfície utilizada para sustentar pessoas","Chão - superfície utilizada para sustentar pessoas","302010","Superfície utilizada para sustentar pessoas, telhado ou superfície de sustenção ","302","Superfície e estrutura"
"302010600","Piso de andaime e plataforma desmontável - superfície utilizada para sustentar pessoas","Piso de andaime e plataforma desmontável - superfície utilizada para sustentar pessoas","302010","Superfície utilizada para sustentar pessoas, telhado ou superfície de sustenção ","302","Superfície e estrutura"
"302010650","Piso de veiculo - superfície utilizada para sustentar pessoas","Piso de veiculo - superfície utilizada para sustentar pessoas","302010","Superfície utilizada para sustentar pessoas, telhado ou superfície de sustenção ","302","Superfície e estrutura"
"302010700","Telhado","Telhado","302010","Superfície utilizada para sustentar pessoas, telhado ou superfície de sustenção ","302","Superfície e estrutura"
"302010900","Superfície de sustentação, NIC - superfície utilizada para sustentar pessoas","Superfície de sustentação, NIC - superfície utilizada para sustentar pessoas","302010","Superfície utilizada para sustentar pessoas, telhado ou superfície de sustenção ","302","Superfície e estrutura"
"302030900","Escada móvel ou fixada, NIC","Escada móvel ou fixada, NIC","302030","Escada móvel ou fixada, NIC","302","Superfície e estrutura"
"302050100","Edifício - edifício ou estrutura","Edifício - edifício ou estrutura","302050","Edifício ou estrutura (exceto piso, superfície de sustentação ou área de circulação)","302","Superfície e estrutura"
"302050200","Depósito fixo (tanque, silo, paiol, etc.) - edifício ou estrutura","Depósito fixo (tanque, silo, paiol, etc.) - edifício ou estrutura","302050","Edifício ou estrutura (exceto piso, superfície de sustentação ou área de circulação)","302","Superfície e estrutura"
"302050300","Cais, doca - edifício ou estrutura","Cais, doca - edifício ou estrutura","302050","Edifício ou estrutura (exceto piso, superfície de sustentação ou área de circulação)","302","Superfície e estrutura"
"302050400","Dique, barragem – edifício ou estrutura","Dique, barragem – edifício ou estrutura","302050","Edifício ou estrutura (exceto piso, superfície de sustentação ou área de circulação)","302","Superfície e estrutura"
"302050500","Ponte, viaduto - edifício ou estrutura","Ponte, viaduto - edifício ou estrutura","302050","Edifício ou estrutura (exceto piso, superfície de sustentação ou área de circulação)","302","Superfície e estrutura"
"302050600","Arquibancada, estádio - edifício ou estrutura","Arquibancada, estádio - edifício ou estrutura","302050","Edifício ou estrutura (exceto piso, superfície de sustentação ou área de circulação)","302","Superfície e estrutura"
"302050700","Andaime, plataforma - edifício ou estrutura","Andaime, plataforma - edifício ou estrutura","302050","Edifício ou estrutura (exceto piso, superfície de sustentação ou área de circulação)","302","Superfície e estrutura"
"302050800","Torre, poste - edifício ou estrutura","Torre, poste - edifício ou estrutura","302050","Edifício ou estrutura (exceto piso, superfície de sustentação ou área de circulação)","302","Superfície e estrutura"
"302050900","Edifício ou estrutura (exceto piso, superfície de sustentação ou área de circulação), NIC","Edifício ou estrutura (exceto piso, superfície de sustentação ou área de circulação), NIC","302050","Edifício ou estrutura (exceto piso, superfície de sustentação ou área de circulação)","302","Superfície e estrutura"
"302070100","Escavação (para edifício, estrada, etc.)","Escavação (para edifício, estrada, etc.)","302070","Escavação, fosso, túnel","302","Superfície e estrutura"
"302070300","Canal, fosso","Canal, fosso","302070","Escavação, fosso, túnel","302","Superfície e estrutura"
"302070500","Poço, entrada, galeria, etc., de mina","Poço, entrada, galeria, etc., de mina","302070","Escavação, fosso, túnel","302","Superfície e estrutura"
"302070700","Túnel","Túnel","302070","Escavação, fosso, túnel","302","Superfície e estrutura"
"302070900","Escavação, fosso, túnel, NIC","Escavação, fosso, túnel, NIC","302070","Escavação, fosso, túnel","302","Superfície e estrutura"
"302090000","Superfície e estrutura, NIC","Superfície e estrutura, NIC","302090","Superfície e estrutura","302","Superfície e estrutura"
"303010040","Martelo, malho, marreta - ferramenta manual sem força motriz","Martelo, malho, marreta - ferramenta manual sem força motriz","303010","Ferramenta manual sem força motriz","303","Ferramenta, máquina, equipamento, veículo"
"303010080","Machadinha, enxó - ferramenta manual sem força motriz","Machadinha, enxó - ferramenta manual sem força motriz","303010","Ferramenta manual sem força motriz","303","Ferramenta, máquina, equipamento, veículo"
"303010120","Faca, facão - ferramenta manual sem força motriz","Faca, facão - ferramenta manual sem força motriz","303010","Ferramenta manual sem força motriz","303","Ferramenta, máquina, equipamento, veículo"
"303010160","Tesoura, tesourão - ferramenta manual sem força motriz","Tesoura, tesourão - ferramenta manual sem força motriz","303010","Ferramenta manual sem força motriz","303","Ferramenta, máquina, equipamento, veículo"
"303010200","Formão, cinzel - ferramenta manual sem força motriz","Formão, cinzel - ferramenta manual sem força motriz","303010","Ferramenta manual sem força motriz","303","Ferramenta, máquina, equipamento, veículo"
"303010240","Serra, serrote - ferramenta manual sem força motriz","Serra, serrote - ferramenta manual sem força motriz","303010","Ferramenta manual sem força motriz","303","Ferramenta, máquina, equipamento, veículo"
"303010280","Alicate, torques, tenaz - ferramenta manual sem força motriz","Alicate, torques, tenaz - ferramenta manual sem força motriz","303010","Ferramenta manual sem força motriz","303","Ferramenta, máquina, equipamento, veículo"
"303010320","Plaina - ferramenta manual sem força motriz","Plaina - ferramenta manual sem força motriz","303010","Ferramenta manual sem força motriz","303","Ferramenta, máquina, equipamento, veículo"
"303010360","Lima, grosa - ferramenta manual sem força motriz","Lima, grosa - ferramenta manual sem força motriz","303010","Ferramenta manual sem força motriz","303","Ferramenta, máquina, equipamento, veículo"
"303010400","Punção, ponteiro, vazador, talhadeira - ferramenta manual sem força motriz","Punção, ponteiro, vazador, talhadeira - ferramenta manual sem força motriz","303010","Ferramenta manual sem força motriz","303","Ferramenta, máquina, equipamento, veículo"
"303010440","Pua, trado, verruma, máquina de furar manual - ferramenta manual sem força motriz","Pua, trado, verruma, máquina de furar manual - ferramenta manual sem força motriz","303010","Ferramenta manual sem força motriz","303","Ferramenta, máquina, equipamento, veículo"
"303010480","Chave de parafuso - ferramenta manual sem força motriz","Chave de parafuso - ferramenta manual sem força motriz","303010","Ferramenta manual sem força motriz","303","Ferramenta, máquina, equipamento, veículo"
"303010520","chave de porca ou de abertura regulável, chave de boca - ferramenta manual sem força motriz","chave de porca ou de abertura regulável, chave de boca - ferramenta manual sem força motriz","303010","Ferramenta manual sem força motriz","303","Ferramenta, máquina, equipamento, veículo"
"303010560","Alavanca, pé-de-cabra - ferramenta manual sem força motriz","Alavanca, pé-de-cabra - ferramenta manual sem força motriz","303010","Ferramenta manual sem força motriz","303","Ferramenta, máquina, equipamento, veículo"
"303010600","Corda, cabo, corrente - ferramenta manual sem força motriz","Corda, cabo, corrente - ferramenta manual sem força motriz","303010","Ferramenta manual sem força motriz","303","Ferramenta, máquina, equipamento, veículo"
"303010640","Machado - ferramenta manual sem força motriz","Machado - ferramenta manual sem força motriz","303010","Ferramenta manual sem força motriz","303","Ferramenta, máquina, equipamento, veículo"
"303010680","Enxada, enxadão, sacho - ferramenta manual sem força motriz","Enxada, enxadão, sacho - ferramenta manual sem força motriz","303010","Ferramenta manual sem força motriz","303","Ferramenta, máquina, equipamento, veículo"
"303010720","Pá, cavadeira - ferramenta manual sem força motriz","Pá, cavadeira - ferramenta manual sem força motriz","303010","Ferramenta manual sem força motriz","303","Ferramenta, máquina, equipamento, veículo"
"303010760","Picareta - ferramenta manual sem força motriz","Picareta - ferramenta manual sem força motriz","303010","Ferramenta manual sem força motriz","303","Ferramenta, máquina, equipamento, veículo"
"303010800","Garfo, ancinho, forcado - ferramenta manual sem força motriz","Garfo, ancinho, forcado - ferramenta manual sem força motriz","303010","Ferramenta manual sem força motriz","303","Ferramenta, máquina, equipamento, veículo"
"303010900","Ferramenta manual sem força motriz, NIC",", NIC","303010","Ferramenta manual sem força motriz","303","Ferramenta, máquina, equipamento, veículo"
"303015050","Martelete, socador - ferramenta portátil com força motriz ou aquecimento","Martelete, socador - ferramenta portátil com força motriz ou aquecimento","303015","Ferramenta portátil com forca motriz ou aquecimento","303","Ferramenta, máquina, equipamento, veículo"
"303015100","Talhadeira - ferramenta portátil com força motriz ou aquecimento","Talhadeira - ferramenta portátil com força motriz ou aquecimento","303015","Ferramenta portátil com forca motriz ou aquecimento","303","Ferramenta, máquina, equipamento, veículo"
"303015150","Cortadeira, guilhotina - ferramenta portátil com força motriz ou aquecimento","Cortadeira, guilhotina - ferramenta portátil com força motriz ou aquecimento","303015","Ferramenta portátil com forca motriz ou aquecimento","303","Ferramenta, máquina, equipamento, veículo"
"303015200","Serra - ferramenta portátil com força motriz ou aquecimento","Serra - ferramenta portátil com força motriz ou aquecimento","303015","Ferramenta portátil com forca motriz ou aquecimento","303","Ferramenta, máquina, equipamento, veículo"
"303015250","Punção, ponteiro, vazador - ferramenta portátil com força motriz ou aquecimento","Punção, ponteiro, vazador - ferramenta portátil com força motriz ou aquecimento","303015","Ferramenta portátil com forca motriz ou aquecimento","303","Ferramenta, máquina, equipamento, veículo"
"303015300","Perfuratriz - ferramenta portátil com força motriz ou aquecimento","Perfuratriz - ferramenta portátil com força motriz ou aquecimento","303015","Ferramenta portátil com forca motriz ou aquecimento","303","Ferramenta, máquina, equipamento, veículo"
"303015350","Rebitadeira - ferramenta portátil com força motriz ou aquecimento","Rebitadeira - ferramenta portátil com força motriz ou aquecimento","303015","Ferramenta portátil com forca motriz ou aquecimento","303","Ferramenta, máquina, equipamento, veículo"
"303015400","Máquina de aparafusar - ferramenta portátil com força motriz ou aquecimento","Máquina de aparafusar - ferramenta portátil com força motriz ou aquecimento","303015","Ferramenta portátil com forca motriz ou aquecimento","303","Ferramenta, máquina, equipamento, veículo"
"303015450","Esmeril - ferramenta portátil com força motriz ou aquecimento","Esmeril - ferramenta portátil com força motriz ou aquecimento","303015","Ferramenta portátil com forca motriz ou aquecimento","303","Ferramenta, máquina, equipamento, veículo"
"303015500","Politriz, enceradeira - ferramenta portátil com força motriz ou aquecimento","Politriz, enceradeira - ferramenta portátil com força motriz ou aquecimento","303015","Ferramenta portátil com forca motriz ou aquecimento","303","Ferramenta, máquina, equipamento, veículo"
"303015550","Ferro de passar - ferramenta portátil com força motriz ou aquecimento","Ferro de passar - ferramenta portátil com força motriz ou aquecimento","303015","Ferramenta portátil com forca motriz ou aquecimento","303","Ferramenta, máquina, equipamento, veículo"
"303015600","Ferramenta de soldagem - ferramenta portátil com força motriz ou aquecimento","Ferramenta de soldagem - ferramenta portátil com força motriz ou aquecimento","303015","Ferramenta portátil com forca motriz ou aquecimento","303","Ferramenta, máquina, equipamento, veículo"
"303015650","Maçarico - ferramenta portátil com força motriz ou aquecimento","Maçarico - ferramenta portátil com força motriz ou aquecimento","303015","Ferramenta portátil com forca motriz ou aquecimento","303","Ferramenta, máquina, equipamento, veículo"
"303015700","Ferramenta acionada por explosivo - ferramenta portátil com força motriz ou aquecimento","Ferramenta acionada por explosivo - ferramenta portátil com força motriz ou aquecimento","303015","Ferramenta portátil com forca motriz ou aquecimento","303","Ferramenta, máquina, equipamento, veículo"
"303015750","Jato de areia - ferramenta portátil com força motriz ou aquecimento","Jato de areia - ferramenta portátil com força motriz ou aquecimento","303015","Ferramenta portátil com forca motriz ou aquecimento","303","Ferramenta, máquina, equipamento, veículo"
"303015900","Ferramenta portátil com forca motriz ou aquecimento, NIC","Ferramenta portátil com forca motriz ou aquecimento, NIC","303015","Ferramenta portátil com forca motriz ou aquecimento","303","Ferramenta, máquina, equipamento, veículo"
"303020040","Serra - máquina","Serra - máquina","303020","Máquina","303","Ferramenta, máquina, equipamento, veículo"
"303020080","Tesoura, guilhotina, máquina de cortar - máquina","Tesoura, guilhotina, máquina de cortar - máquina","303020","Máquina","303","Ferramenta, máquina, equipamento, veículo"
"303020120","Laminadora, calandra - máquina","Laminadora, calandra - máquina","303020","Máquina","303","Ferramenta, máquina, equipamento, veículo"
"303020160","Furadeira, broqueadeira, torno, freza - máquina","Furadeira, broqueadeira, torno, freza - máquina","303020","Máquina","303","Ferramenta, máquina, equipamento, veículo"
"303020200","Prensa - máquina","Prensa - máquina","303020","Máquina","303","Ferramenta, máquina, equipamento, veículo"
"303020240","Plaina, tupia - máquina","Plaina, tupia - máquina","303020","Máquina","303","Ferramenta, máquina, equipamento, veículo"
"303020280","Máquina de fundir, de forjar, de soldar","Máquina de fundir, de forjar, de soldar","303020","Máquina","303","Ferramenta, máquina, equipamento, veículo"
"303020320","Britador, moinho - máquina","Britador, moinho - máquina","303020","Máquina","303","Ferramenta, máquina, equipamento, veículo"
"303020360","Misturador, batedeira, agitador - máquina","Misturador, batedeira, agitador - máquina","303020","Máquina","303","Ferramenta, máquina, equipamento, veículo"
"303020400","Peneira mecânica, máquina separadora - máquina","Peneira mecânica, máquina separadora - máquina","303020","Máquina","303","Ferramenta, máquina, equipamento, veículo"
"303020440","Politriz, lixadora, esmeril - máquina","Politriz, lixadora, esmeril - máquina","303020","Máquina","303","Ferramenta, máquina, equipamento, veículo"
"303020480","Máquina de terraplenagem e construção de estrada","Máquina de terraplenagem e construção de estrada","303020","Máquina","303","Ferramenta, máquina, equipamento, veículo"
"303020520","Máquina de mineração e perfuração (de túnel, poço, etc.)","Máquina de mineração e perfuração (de túnel, poço, etc.)","303020","Máquina","303","Ferramenta, máquina, equipamento, veículo"
"303020560","Máquina agrícola","Máquina agrícola","303020","Máquina","303","Ferramenta, máquina, equipamento, veículo"
"303020600","Máquina têxtil","Máquina têxtil","303020","Máquina","303","Ferramenta, máquina, equipamento, veículo"
"303020640","Máquina de costurar e de pespontar","Máquina de costurar e de pespontar","303020","Máquina","303","Ferramenta, máquina, equipamento, veículo"
"303020680","Máquina de imprimir","Máquina de imprimir","303020","Máquina","303","Ferramenta, máquina, equipamento, veículo"
"303020720","Máquina de escritório","Máquina de escritório","303020","Máquina","303","Ferramenta, máquina, equipamento, veículo"
"303020760","Máquina de embalar ou empacotar","Máquina de embalar ou empacotar","303020","Máquina","303","Ferramenta, máquina, equipamento, veículo"
"303020900","Máquina, NIC","Máquina, NIC","303020","Máquina","303","Ferramenta, máquina, equipamento, veículo"
"303025300","Transportador por gravidade","Transportador por gravidade","303025","Transportador","303","Ferramenta, máquina, equipamento, veículo"
"303025600","Transportador com força motriz","Transportador com força motriz","303025","Transportador","303","Ferramenta, máquina, equipamento, veículo"
"303025900","Transportador, NIC","Transportador, NIC","303025","Transportador","303","Ferramenta, máquina, equipamento, veículo"
"303030050","Guindaste - equipamento de guindar","Guindaste - equipamento de guindar","303030","Equipamento de guindar","303","Ferramenta, máquina, equipamento, veículo"
"303030100","Ponte rolante - equipamento de guindar","Ponte rolante - equipamento de guindar","303030","Equipamento de guindar","303","Ferramenta, máquina, equipamento, veículo"
"303030150","Elevador - equipamento de guindar","Elevador - equipamento de guindar","303030","Equipamento de guindar","303","Ferramenta, máquina, equipamento, veículo"
"303030200","Elevador de caçamba para mineração - equipamento de guindar","Elevador de caçamba para mineração - equipamento de guindar","303030","Equipamento de guindar","303","Ferramenta, máquina, equipamento, veículo"
"303030250","Pá mecânica, draga - equipamento de guindar","Pá mecânica, draga - equipamento de guindar","303030","Equipamento de guindar","303","Ferramenta, máquina, equipamento, veículo"
"303030300","Talha - equipamento de guindar","Talha - equipamento de guindar","303030","Equipamento de guindar","303","Ferramenta, máquina, equipamento, veículo"
"303030350","Pau de carga - equipamento de guindar","Pau de carga - equipamento de guindar","303030","Equipamento de guindar","303","Ferramenta, máquina, equipamento, veículo"
"303030400","Macaco (mecânico, hidráulico, pneumático) - equipamento de guindar","Macaco (mecânico, hidráulico, pneumático) - equipamento de guindar","303030","Equipamento de guindar","303","Ferramenta, máquina, equipamento, veículo"
"303030450","Guincho pneumático - equipamento de guindar","Guincho pneumático - equipamento de guindar","303030","Equipamento de guindar","303","Ferramenta, máquina, equipamento, veículo"
"303030500","Guincho elétrico - equipamento de guindar","Guincho elétrico - equipamento de guindar","303030","Equipamento de guindar","303","Ferramenta, máquina, equipamento, veículo"
"303030900","Equipamento de guindar, NIC","Equipamento de guindar, NIC","303030","Equipamento de guindar","303","Ferramenta, máquina, equipamento, veículo"
"303035300","Correia - dispositivo de transmissão de energia mecânica","Correia - dispositivo de transmissão de energia mecânica","303035","Dispositivo de transmissão de energia mecânica","303","Ferramenta, máquina, equipamento, veículo"
"303035400","Corrente, corda, cabo - dispositivo de transmissão de energia mecânica","Corrente, corda, cabo - dispositivo de transmissão de energia mecânica","303035","Dispositivo de transmissão de energia mecânica","303","Ferramenta, máquina, equipamento, veículo"
"303035500","Tambor, polia, roldana - dispositivo de transmissão de energia mecânica","Tambor, polia, roldana - dispositivo de transmissão de energia mecânica","303035","Dispositivo de transmissão de energia mecânica","303","Ferramenta, máquina, equipamento, veículo"
"303035600","Embreagem de fricção - dispositivo de transmissão de energia mecânica","Embreagem de fricção - dispositivo de transmissão de energia mecânica","303035","Dispositivo de transmissão de energia mecânica","303","Ferramenta, máquina, equipamento, veículo"
"303035700","Engrenagem - dispositivo de transmissão de energia mecânica","Engrenagem - dispositivo de transmissão de energia mecânica","303035","Dispositivo de transmissão de energia mecânica","303","Ferramenta, máquina, equipamento, veículo"
"303035900","Dispositivo de transmissão de energia mecânica, NIC","Dispositivo de transmissão de energia mecânica, NIC","303035","Dispositivo de transmissão de energia mecânica","303","Ferramenta, máquina, equipamento, veículo"
"303040100","Gerador - equipamento elétrico","Gerador - equipamento elétrico","303040","Equipamento elétrico","303","Ferramenta, máquina, equipamento, veículo"
"303040200","Condutor - equipamento elétrico","Condutor - equipamento elétrico","303040","Equipamento elétrico","303","Ferramenta, máquina, equipamento, veículo"
"303040300","Transformador, conversor - equipamento elétrico","Transformador, conversor - equipamento elétrico","303040","Equipamento elétrico","303","Ferramenta, máquina, equipamento, veículo"
"303040400","Painel de controle, barramento, chave, interruptor, disjuntor, fusível - equipamento elétrico","Painel de controle, barramento, chave, interruptor, disjuntor, fusível - equipamento elétrico","303040","Equipamento elétrico","303","Ferramenta, máquina, equipamento, veículo"
"303040500","Reostato, dispositivo de partida e aparelho de controle, capacitor, retificador, bateria de acumuladores - equipamento elétrico","Reostato, dispositivo de partida e aparelho de controle, capacitor, retificador, bateria de acumuladores - equipamento elétrico","303040","Equipamento elétrico","303","Ferramenta, máquina, equipamento, veículo"
"303040600","Motor elétrico - equipamento elétrico","Motor elétrico - equipamento elétrico","303040","Equipamento elétrico","303","Ferramenta, máquina, equipamento, veículo"
"303040700","Equipamento magnético - equipamento elétrico","Equipamento magnético - equipamento elétrico","303040","Equipamento elétrico","303","Ferramenta, máquina, equipamento, veículo"
"303040750","Equipamento eletrolítico - equipamento elétrico","Equipamento eletrolítico - equipamento elétrico","303040","Equipamento elétrico","303","Ferramenta, máquina, equipamento, veículo"
"303040800","Equipamento de aquecimento elétrico - equipamento elétrico","Equipamento de aquecimento elétrico - equipamento elétrico","303040","Equipamento elétrico","303","Ferramenta, máquina, equipamento, veículo"
"303040900","Equipamento elétrico, NIC","Equipamento elétrico, NIC","303040","Equipamento elétrico","303","Ferramenta, máquina, equipamento, veículo"
"303045200","Motor (combustão interna, vapor)","Motor (combustão interna, vapor)","303045","Motor, bomba, turbina","303","Ferramenta, máquina, equipamento, veículo"
"303045400","Bomba","Bomba","303045","Motor, bomba, turbina","303","Ferramenta, máquina, equipamento, veículo"
"303045600","Turbina","Turbina","303045","Motor, bomba, turbina","303","Ferramenta, máquina, equipamento, veículo"
"303045900","Motor, bomba, turbina, NIC","Motor, bomba, turbina, NIC","303045","Motor, bomba, turbina","303","Ferramenta, máquina, equipamento, veículo"
"303050200","Caldeira","Caldeira","303050","Caldeira, vaso sob pressão","303","Ferramenta, máquina, equipamento, veículo"
"303050400","Vaso sob pressão (para líquido, gás ou vapor)","Vaso sob pressão (para líquido, gás ou vapor)","303050","Caldeira, vaso sob pressão","303","Ferramenta, máquina, equipamento, veículo"
"303050600","Tubo sob pressão (mangueira ou tubo para liquido, gás ou vapor)","Tubo sob pressão (mangueira ou tubo para liquido, gás ou vapor)","303050","Caldeira, vaso sob pressão","303","Ferramenta, máquina, equipamento, veículo"
"303050900","Caldeira, vaso sob pressão, NIC","Caldeira, vaso sob pressão, NIC","303050","Caldeira, vaso sob pressão","303","Ferramenta, máquina, equipamento, veículo"
"303055200","Caixão pneumático - equipamento para trabalho em ambiente de pressão anormal","Caixão pneumático - equipamento para trabalho em ambiente de pressão anormal","303055","Equipamento para trabalho em ambiente de pressão anormal","303","Ferramenta, máquina, equipamento, veículo"
"303055400","Escafandro - equipamento para trabalho em ambiente de pressão anormal","Escafandro - equipamento para trabalho em ambiente de pressão anormal","303055","Equipamento para trabalho em ambiente de pressão anormal","303","Ferramenta, máquina, equipamento, veículo"
"303055600","Equipamento de mergulho - equipamento para trabalho em ambiente de pressão anormal","Equipamento de mergulho - equipamento para trabalho em ambiente de pressão anormal","303055","Equipamento para trabalho em ambiente de pressão anormal","303","Ferramenta, máquina, equipamento, veículo"
"303055900","Equipamento para trabalho em ambiente de pressão anormal, NIC",", NIC","303055","Equipamento para trabalho em ambiente de pressão anormal","303","Ferramenta, máquina, equipamento, veículo"
"303060000","Forno, estufa, retorta, aquecedor de ambiente, fogão, etc., exceto quando a lesão principal for choque elétrico ou eletroplessão - equipamento de aquecimento","Forno, estufa, retorta, aquecedor de ambiente, fogão, etc., exceto quando a lesão principal for choque elétrico ou eletroplessão - equipamento de aquecimento","303060","Forno, estufa, retorta, aquecedor de ambiente, fogão, etc., exceto quando a lesão principal for choque elétrico ou eletroplessão - equipamento de aquecimento","303","Ferramenta, máquina, equipamento, veículo"
"303065000","Equipamento emissor de radiação não ionizante","Equipamento emissor de radiação não ionizante","303065","Equipamento emissor de radiação não ionizante","303","Ferramenta, máquina, equipamento, veículo"
"303065300","Equipamento de iluminação - equipamento emissor de radiação não ionizante","Equipamento de iluminação - equipamento emissor de radiação não ionizante","303065","Equipamento emissor de radiação não ionizante","303","Ferramenta, máquina, equipamento, veículo"
"303065600","Arco elétrico - equipamento emissor de radiação não ionizante","Arco elétrico - equipamento emissor de radiação não ionizante","303065","Equipamento emissor de radiação não ionizante","303","Ferramenta, máquina, equipamento, veículo"
"303065900","Equipamento emissor de radiação não ionizante, NIC","Equipamento emissor de radiação não ionizante, NIC","303065","Equipamento emissor de radiação não ionizante","303","Ferramenta, máquina, equipamento, veículo"
"303066300","Equipamento de iluminação","Equipamento de iluminação","303066","Arco elétrico, equipamento de iluminação","303","Ferramenta, máquina, equipamento, veículo"
"303066600","Arco elétrico","Arco elétrico","303066","Arco elétrico, equipamento de iluminação","303","Ferramenta, máquina, equipamento, veículo"
"303070200","Equipamento de raios X - equipamento ou substância emissores de radiação ionizante","Equipamento de raios X - equipamento ou substância emissores de radiação ionizante","303070","Equipamento ou substância emissores de radiação ionizante","303","Ferramenta, máquina, equipamento, veículo"
"303070400","Reator (inclui combustível e resíduo) - equipamento ou substância emissores de radiação ionizante","Reator (inclui combustível e resíduo) - equipamento ou substância emissores de radiação ionizante","303070","Equipamento ou substância emissores de radiação ionizante","303","Ferramenta, máquina, equipamento, veículo"
"303070600","Fonte de radioisótopo - equipamento ou substância emissores de radiação ionizante","Fonte de radioisótopo - equipamento ou substância emissores de radiação ionizante","303070","Equipamento ou substância emissores de radiação ionizante","303","Ferramenta, máquina, equipamento, veículo"
"303070900","Equipamento ou substância emissores de radiação ionizante, NIC","Equipamento ou substância emissores de radiação ionizante, NIC","303070","Equipamento ou substância emissores de radiação ionizante","303","Ferramenta, máquina, equipamento, veículo"
"303075100","Bicicleta","Bicicleta","303075","Veículo","303","Ferramenta, máquina, equipamento, veículo"
"303075150","Triciclo","Triciclo","303075","Veículo","303","Ferramenta, máquina, equipamento, veículo"
"303075200","Motocicleta, motoneta","Motocicleta, motoneta","303075","Veículo","303","Ferramenta, máquina, equipamento, veículo"
"303075250","Veículo rodoviário motorizado","Veículo rodoviário motorizado","303075","Veículo","303","Ferramenta, máquina, equipamento, veículo"
"303075300","Veículo sobre trilho","Veículo sobre trilho","303075","Veículo","303","Ferramenta, máquina, equipamento, veículo"
"303075350","Veículo aquático","Veículo aquático","303075","Veículo","303","Ferramenta, máquina, equipamento, veículo"
"303075400","Aeronave","Aeronave","303075","Veículo","303","Ferramenta, máquina, equipamento, veículo"
"303075450","Empilhadeira","Empilhadeira","303075","Veículo","303","Ferramenta, máquina, equipamento, veículo"
"303075500","Rebocador mecânico, mula mecânica","Rebocador mecânico, mula mecânica","303075","Veículo","303","Ferramenta, máquina, equipamento, veículo"
"303075550","Carro-de-mão","Carro-de-mão","303075","Veículo","303","Ferramenta, máquina, equipamento, veículo"
"303075600","Trator","Trator","303075","Veículo","303","Ferramenta, máquina, equipamento, veículo"
"303075650","Veículo de terraplenagem","Veículo de terraplenagem","303075","Veículo","303","Ferramenta, máquina, equipamento, veículo"
"303075700","Veículo de tração animal","Veículo de tração animal","303075","Veículo","303","Ferramenta, máquina, equipamento, veículo"
"303075750","Veículo deslizante","Veículo deslizante","303075","Veículo","303","Ferramenta, máquina, equipamento, veículo"
"303075800","Veículo funicular (tração por cabo)","Veículo funicular (tração por cabo)","303075","Veículo","303","Ferramenta, máquina, equipamento, veículo"
"303075900","Veículo, NIC","Veículo, NIC","303075","Veículo","303","Ferramenta, máquina, equipamento, veículo"
"303090000","Ferramenta, máquina, equipamento, veículo, NIC","Ferramenta, máquina, equipamento, veículo, NIC","303090","Ferramenta, máquina, equipamento, veículo, NIC","303","Ferramenta, máquina, equipamento, veículo"
"305004100","Composto metálico (de chumbo, mercúrio, zinco, cadmio, cromo, etc.)","Composto metálico (de chumbo, mercúrio, zinco, cadmio, cromo, etc.)","305004","Substância química","305","Substância química, material, produto"
"305004150","Composto de arsênio","Composto de arsênio","305004","Substância química","305","Substância química, material, produto"
"305004200","Gás carbônico (dióxido de carbono, CO2)","Gás carbônico (dióxido de carbono, CO2)","305004","Substância química","305","Substância química, material, produto"
"305004250","Monóxido de carbono (CO)","Monóxido de carbono (CO)","305004","Substância química","305","Substância química, material, produto"
"305004300","Óxidos de Nitrogênio (vapores nitrosos)","Óxidos de Nitrogênio (vapores nitrosos)","305004","Substância química","305","Substância química, material, produto"
"305004350","Ácido","Ácido","305004","Substância química","305","Substância química, material, produto"
"305004400","Álcali","Álcali","305004","Substância química","305","Substância química, material, produto"
"305004450","Composto de fósforo","Composto de fósforo","305004","Substância química","305","Substância química, material, produto"
"305004500","Dissulfeto de carbono","Dissulfeto de carbono","305004","Substância química","305","Substância química, material, produto"
"305004550","Cianeto ou composto de cianogênio","Cianeto ou composto de cianogênio","305004","Substância química","305","Substância química, material, produto"
"305004600","Álcool","Álcool","305004","Substância química","305","Substância química, material, produto"
"305004650","Tetracloreto de carbono","Tetracloreto de carbono","305004","Substância química","305","Substância química, material, produto"
"305004700","Composto orgânico halogenado (tricloretileno, percloretileno, cloreto de metilo, substâncias refrigerantes)","Composto orgânico halogenado (tricloretileno, percloretileno, cloreto de metilo, substâncias refrigerantes)","305004","Substância química","305","Substância química, material, produto"
"305004750","Composto aromático (benzol, toluol, xilol, anilina, etc.)","Composto aromático (benzol, toluol, xilol, anilina, etc.)","305004","Substância química","305","Substância química, material, produto"
"305004900","Substância química, NIC","Substância química, NIC","305004","Substância química","305","Substância química, material, produto"
"305008500","Água - usar quando o estado líquido contribuir preponderantemente para a ocorrência","Água - usar quando o estado líquido contribuir preponderantemente para a ocorrência","305008","Líquido","305","Substância química, material, produto"
"305008900","Líquido, NIC","Líquido, NIC","305008","Líquido","305","Substância química, material, produto"
"305020000","Partículas - não identificadas","Partículas - não identificadas","305020","Partículas - não identificadas","305","Substância química, material, produto"
"305024100","Pele, crina, pelo, lã (em bruto) - produto animal","Pele, crina, pelo, lã (em bruto) - produto animal","305024","Produto animal","305","Substância química, material, produto"
"305024300","Pena - produto animal","Pena - produto animal","305024","Produto animal","305","Substância química, material, produto"
"305024500","Couro cru ou curtido - produto animal","Couro cru ou curtido - produto animal","305024","Produto animal","305","Substância química, material, produto"
"305024700","Osso - produto animal","Osso - produto animal","305024","Produto animal","305","Substância química, material, produto"
"305024900","Produto animal, NIC","Produto animal, NIC","305024","Produto animal","305","Substância química, material, produto"
"305028000","Madeira (toro, madeira serrada, pranchão, poste, barrote, ripa e produto de madeira)","Madeira (toro, madeira serrada, pranchão, poste, barrote, ripa e produto de madeira)","305028","Madeira (toro, madeira serrada, pranchão, poste, barrote, ripa e produto de madeira)","305","Substância química, material, produto"
"305032000","Produto mineral metálico - produto de mineração em bruto ou beneficiado, como minério e concentrado de minério","Produto mineral metálico - produto de mineração em bruto ou beneficiado, como minério e concentrado de minério","305032","Metal ou produto mineral metálico","305","Substância química, material, produto"
"305032500","Metal - inclui liga ferrosa e não ferrosa, tubo, placa, perfil, trilho, vergalhão, arame, porca, rebite, prego, etc. inclui metal fundido, lingote e sucata de fundição, exceto minério","Metal - inclui liga ferrosa e não ferrosa, tubo, placa, perfil, trilho, vergalhão, arame, porca, rebite, prego, etc. inclui metal fundido, lingote e sucata de fundição, exceto minério","305032","Metal ou produto mineral metálico","305","Substância química, material, produto"
"305036000","Produto mineral não metálico - produto de mineração, escavação, desbarrancamento, etc., como detrito, argila, areia, cascalho, pedra, etc.","Produto mineral não metálico - produto de mineração, escavação, desbarrancamento, etc., como detrito, argila, areia, cascalho, pedra, etc.","305036","Produto mineral não metálico","305","Substância química, material, produto"
"305040100","Petróleo bruto, bruto reduzido","Petróleo bruto, bruto reduzido","305040","Produto de petróleo e de carvão","305","Substância química, material, produto"
"305040150","Asfalto, alcatrão, piche","Asfalto, alcatrão, piche","305040","Produto de petróleo e de carvão","305","Substância química, material, produto"
"305040200","Óleo combustível","Óleo combustível","305040","Produto de petróleo e de carvão","305","Substância química, material, produto"
"305040250","Parafina, óleo lubrificante e de corte, graxas","Parafina, óleo lubrificante e de corte, graxas","305040","Produto de petróleo e de carvão","305","Substância química, material, produto"
"305040300","Gasóleo, óleo diesel","Gasóleo, óleo diesel","305040","Produto de petróleo e de carvão","305","Substância química, material, produto"
"305040350","Querosene","Querosene","305040","Produto de petróleo e de carvão","305","Substância química, material, produto"
"305040400","Nafta e solvente de nafta (éter de petróleo, álcool mineral, solvente aromático, etc.)","Nafta e solvente de nafta (éter de petróleo, álcool mineral, solvente aromático, etc.)","305040","Produto de petróleo e de carvão","305","Substância química, material, produto"
"305040450","Gasolina (exceto quando a ocorrência for causada preponderantemente por composto de chumbo)","Gasolina (exceto quando a ocorrência for causada preponderantemente por composto de chumbo)","305040","Produto de petróleo e de carvão","305","Substância química, material, produto"
"305040500","Hidrocarboneto gasoso (inclui gás liquefeito, gás encanado de nafta, gás natural)","Hidrocarboneto gasoso (inclui gás liquefeito, gás encanado de nafta, gás natural)","305040","Produto de petróleo e de carvão","305","Substância química, material, produto"
"305040600","Carvão","Carvão","305040","Produto de petróleo e de carvão","305","Substância química, material, produto"
"305040650","Coque","Coque","305040","Produto de petróleo e de carvão","305","Substância química, material, produto"
"305040700","Gás encanado de carvão","Gás encanado de carvão","305040","Produto de petróleo e de carvão","305","Substância química, material, produto"
"305040900","Produto de petróleo e de carvão, NIC","Produto de petróleo e de carvão, NIC","305040","Produto de petróleo e de carvão","305","Substância química, material, produto"
"305044000","Vidraria, fibra de vidro, lâmina, etc., exceto frasco, garrafa","Vidraria, fibra de vidro, lâmina, etc., exceto frasco, garrafa","305044","Vidraria, fibra de vidro, lâmina, etc., exceto frasco, garrafa","305","Substância química, material, produto"
"305048000","Cerâmica","Cerâmica","305048","Cerâmica","305","Substância química, material, produto"
"305048300","Tijolo e telha - cerâmica","Tijolo e telha - cerâmica","305048","Cerâmica","305","Substância química, material, produto"
"305048400","Louça de mesa e outros utensílios (de porcelana, barro, etc.) - cerâmica","Louça de mesa e outros utensílios (de porcelana, barro, etc.) - cerâmica","305048","Cerâmica","305","Substância química, material, produto"
"305048500","Tubo, manilha - cerâmica","Tubo, manilha - cerâmica","305048","Cerâmica","305","Substância química, material, produto"
"305048600","Revestimento cerâmico (azulejo, mosaico, etc.) - cerâmica","Revestimento cerâmico (azulejo, mosaico, etc.) - cerâmica","305048","Cerâmica","305","Substância química, material, produto"
"305048700","Louca sanitária (pia, vaso sanitário, etc.) - cerâmica","Louca sanitária (pia, vaso sanitário, etc.) - cerâmica","305048","Cerâmica","305","Substância química, material, produto"
"305048900","Cerâmica, NIC","Cerâmica, NIC","305048","Cerâmica","305","Substância química, material, produto"
"305052000","Têxteis - inclui fibras animais após o primeiro desengorduramento e limpeza, fibras vegetais e sintéticas (exceto vidro), fio, linha, tecido, passamanaria, feltro e produtos têxteis em geral","Têxteis - inclui fibras animais após o primeiro desengorduramento e limpeza, fibras vegetais e sintéticas (exceto vidro), fio, linha, tecido, passamanaria, feltro e produtos têxteis em geral","305052","Têxteis - inclui fibras animais após o primeiro desengorduramento e limpeza, fibras vegetais e sintéticas (exceto vidro), fio, linha, tecido, passamanaria, feltro e produtos têxteis em geral","305","Substância química, material, produto"
"305056000","Plástico - inclui pó, folha, trefilado, barra, perfil, etc., não incluindo produto a ser usado no fabrico de plástico","Plástico - inclui pó, folha, trefilado, barra, perfil, etc., não incluindo produto a ser usado no fabrico de plástico","305056","Plástico - inclui pó, folha, trefilado, barra, perfil, etc., não incluindo produto a ser usado no fabrico de plástico","305","Substância química, material, produto"
"305060000","Papel e pasta para papel","Papel e pasta para papel","305060","Papel e pasta para papel","305","Substância química, material, produto"
"305064000","Produtos alimentícios inclui carne leite e derivados legumes frutas cerais e derivados","Produtos alimentícios inclui carne leite e derivados legumes frutas cerais e derivados","305064","Produto alimentício - inclusive de origem animal","305","Substância química, material, produto"
"305064300","Carne e derivados - inclusive de origem animal","Carne e derivados - inclusive de origem animal","305064","Produto alimentício - inclusive de origem animal","305","Substância química, material, produto"
"305064400","Leite e derivados - inclusive de origem animal","Leite e derivados - inclusive de origem animal","305064","Produto alimentício - inclusive de origem animal","305","Substância química, material, produto"
"305064500","Legume, verdura e derivados","Legume, verdura e derivados","305064","Produto alimentício - inclusive de origem animal","305","Substância química, material, produto"
"305064600","Fruta e derivados","Fruta e derivados","305064","Produto alimentício - inclusive de origem animal","305","Substância química, material, produto"
"305064700","Cereal e derivados","Cereal e derivados","305064","Produto alimentício - inclusive de origem animal","305","Substância química, material, produto"
"305064900","Produto alimentício - inclusive de origem animal, NIC","Produto alimentício - inclusive de origem animal, NIC","305064","Produto alimentício - inclusive de origem animal","305","Substância química, material, produto"
"305068300","Medicamento em geral (exceto produto biológico)","Medicamento em geral (exceto produto biológico)","305068","Medicamento","305","Substância química, material, produto"
"305068600","Produto biológico (soro, toxina, antitoxina, vacina, plasma) - medicamento","Produto biológico (soro, toxina, antitoxina, vacina, plasma) - medicamento","305068","Medicamento","305","Substância química, material, produto"
"305072000","Produto de limpeza, sabão, detergente","Produto de limpeza, sabão, detergente","305072","Produto de limpeza, sabão, detergente","305","Substância química, material, produto"
"305076000","Sucata, entulho, resíduo","Sucata, entulho, resíduo","305076","Sucata, entulho, resíduo","305","Substância química, material, produto"
"305090000","Substância química, material, produto, NIC","Substância química, material, produto, NIC","305090","Substância química, material, produto, NIC","305","Substância química, material, produto"
"306020000","Animal vivo","Animal vivo","306020","Animal vivo","306","Ser vivo"
"306040000","Vegetal - planta, árvore, em estado natural, não beneficiada (não inclui grão debulhado, fruto colhido, toro mesmo com galho)","Vegetal - planta, árvore, em estado natural, não beneficiada (não inclui grão debulhado, fruto colhido, toro mesmo com galho)","306040","Vegetal - planta, árvore, em estado natural, não beneficiada (não inclui grão debulhado, fruto colhido, toro mesmo com galho)","306","Ser vivo"
"306060000","Agente infeccioso ou parasitário - inclui bactéria, fungo, organismo parasitário, vírus, etc., não incluindo produto químico, preparado farmacêutico ou alimento","Agente infeccioso ou parasitário - inclui bactéria, fungo, organismo parasitário, vírus, etc., não incluindo produto químico, preparado farmacêutico ou alimento","306060","Agente infeccioso ou parasitário - inclui bactéria, fungo, organismo parasitário, vírus, etc., não incluindo produto químico, preparado farmacêutico ou alimento","306","Ser vivo"
"306090000","Ser vivo, NIC","Ser vivo, NIC","306090","Ser vivo, NIC","306","Ser vivo"
"307030100","Cadeira banco - mobiliário e acessórios","Cadeira banco - mobiliário e acessórios","307030","Mobiliário e acessórios","307","Área ou ambiente de trabalho, mobiliário, embalagens e recipientes"
"307030200","Mesa, carteira, exceto mesa elástica desmontável - mobiliário e acessórios","Mesa, carteira, exceto mesa elástica desmontável - mobiliário e acessórios","307030","Mobiliário e acessórios","307","Área ou ambiente de trabalho, mobiliário, embalagens e recipientes"
"307030250","Mesa elástica desmontável - mobiliário e acessórios","Mesa elástica desmontável - mobiliário e acessórios","307030","Mobiliário e acessórios","307","Área ou ambiente de trabalho, mobiliário, embalagens e recipientes"
"307030300","Balcão, bancada - mobiliário e acessórios","Balcão, bancada - mobiliário e acessórios","307030","Mobiliário e acessórios","307","Área ou ambiente de trabalho, mobiliário, embalagens e recipientes"
"307030400","Arquivo, fichário, estante - mobiliário e acessórios","Arquivo, fichário, estante - mobiliário e acessórios","307030","Mobiliário e acessórios","307","Área ou ambiente de trabalho, mobiliário, embalagens e recipientes"
"307030500","Tapete, forração de piso, capacho - mobiliário e acessórios","Tapete, forração de piso, capacho - mobiliário e acessórios","307030","Mobiliário e acessórios","307","Área ou ambiente de trabalho, mobiliário, embalagens e recipientes"
"307030600","Luminária, globo, lâmpada - mobiliário e acessórios","Luminária, globo, lâmpada - mobiliário e acessórios","307030","Mobiliário e acessórios","307","Área ou ambiente de trabalho, mobiliário, embalagens e recipientes"
"307030900","Mobiliário e acessórios, NIC","Mobiliário e acessórios, NIC","307030","Mobiliário e acessórios","307","Área ou ambiente de trabalho, mobiliário, embalagens e recipientes"
"307040100","Caixa, engradado, caixote - embalagem, recipiente, vazio ou cheio","Caixa, engradado, caixote - embalagem, recipiente, vazio ou cheio","307040","Embalagem e recipiente, vazio ou cheio","307","Área ou ambiente de trabalho, mobiliário, embalagens e recipientes"
"307040300","Frasco, garrafa - embalagem, recipiente, vazio ou cheio","Frasco, garrafa - embalagem, recipiente, vazio ou cheio","307040","Embalagem e recipiente, vazio ou cheio","307","Área ou ambiente de trabalho, mobiliário, embalagens e recipientes"
"307040500","Barril, barrica, barrilete, tambor - embalagem, recipiente, vazio ou cheio","Barril, barrica, barrilete, tambor - embalagem, recipiente, vazio ou cheio","307040","Embalagem e recipiente, vazio ou cheio","307","Área ou ambiente de trabalho, mobiliário, embalagens e recipientes"
"307040700","Tanque, cilindro (transportáveis e não sob pressão) - embalagem, recipiente, vazio ou cheio","Tanque, cilindro (transportáveis e não sob pressão) - embalagem, recipiente, vazio ou cheio","307040","Embalagem e recipiente, vazio ou cheio","307","Área ou ambiente de trabalho, mobiliário, embalagens e recipientes"
"307040900","Embalagem e recipiente, vazio ou cheio, NIC","Embalagem e recipiente, vazio ou cheio, NIC","307040","Embalagem e recipiente, vazio ou cheio","307","Área ou ambiente de trabalho, mobiliário, embalagens e recipientes"
"307050900","Vestuário, NIC","Vestuário, NIC","307050","Vestuário, NIC","307","Área ou ambiente de trabalho, mobiliário, embalagens e recipientes"
"307070000","Área ou ambiente de trabalho - o agente do acidente ocorrido em consequência de fenômeno atmosférico, meteoro, etc., assim como da ação da radiação solar, deverá ser incluído neste item","Área ou ambiente de trabalho - o agente do acidente ocorrido em consequência de fenômeno atmosférico, meteoro, etc., assim como da ação da radiação solar, deverá ser incluído neste item","307070","Área ou ambiente de trabalho - o agente do acidente ocorrido em consequência de fenômeno atmosférico, meteoro, etc., assim como da ação da radiação solar, deverá ser incluído neste item","307","Área ou ambiente de trabalho, mobiliário, embalagens e recipientes"
"309000000","Agente do acidente, NIC","Agente do acidente, NIC","309000","Agente do acidente, NIC","309","Agente do acidente, NIC ou inexistente"
"309500000","Agente do acidente inexistente","Agente do acidente inexistente","309500","Agente do acidente inexistente","309","Agente do acidente, NIC ou inexistente"
"354000000","Energia","Energia","354000","Energia","354","Energia, pressão, ruído, fogo ou temperatura ambiente"
"354010300","Pressão ambiente alta trabalho em caixão pneumático mergulho","Pressão ambiente alta trabalho em caixão pneumático mergulho","354010","Pressão ambiente","354","Energia, pressão, ruído, fogo ou temperatura ambiente"
"354010600","Pressão ambiente baixa ar rarefeito","Pressão ambiente baixa ar rarefeito","354010","Pressão ambiente","354","Energia, pressão, ruído, fogo ou temperatura ambiente"
"354020000","Ruído","Ruído","354020","Ruído","354","Energia, pressão, ruído, fogo ou temperatura ambiente"
"354040000","Fogo chama material incandescente ou quente fumaça","Fogo chama material incandescente ou quente fumaça","354040","Fogo chama material incandescente ou quente fumaça","354","Energia, pressão, ruído, fogo ou temperatura ambiente"
"354050300","Temperatura ambiente - não inclui a de objeto ou substância quente","Temperatura ambiente - não inclui a de objeto ou substância quente","354050","Temperatura ambiente - não inclui a de objeto ou substância quente","354","Energia, pressão, ruído, fogo ou temperatura ambiente"
"355016000","Aerodispersóides","Aerodispersóides","355016","Aerodispersóides, neblina, gás e vapor","355","Aerodispersóides, neblina, gás e vapor"
"355016600","Neblina","Neblina","355016","Aerodispersóides, neblina, gás e vapor","355","Aerodispersóides, neblina, gás e vapor"
"355016800","Gás e vapor","Gás e vapor","355016","Aerodispersóides, neblina, gás e vapor","355","Aerodispersóides, neblina, gás e vapor"